Size,Accuracy
128x128,0.6892655491828918
256x256,0.7118644118309021
512x512,0.6031073331832886
